{
    "1": {
        "dm_bin_edges": [
            -1.1342506168252129,
            -0.9916106211664634,
            -0.8489706255077138,
            -0.7063306298489644,
            -0.5636906341902149,
            -0.4210506385314654,
            -0.278410642872716,
            -0.13577064721396648,
            0.006869348444783041,
            0.14950934410353245,
            0.2921493397622821,
            0.4347893354210315,
            0.5774293310797809,
            0.7200693267385305,
            0.8627093223972799,
            1.0053493180560293,
            1.147989313714779,
            1.2906293093735286
        ],
        "dm_hist": [
            0.5392812623684237,
            0.5392812623684237,
            0.43142500989473936,
            1e-30,
            1e-30,
            1e-30,
            0.21571250494736952,
            1.5099875346315863,
            1.7257000395789575,
            0.43142500989473864,
            0.10785625247368484,
            0.21571250494736968,
            0.323568757421054,
            0.10785625247368484,
            0.3235687574210545,
            0.323568757421054,
            0.21571250494736932
        ]
    },
    "log_dt_bin_edges": [
        -3.345438505441148,
        2.0187831594203622
    ]
}